filename,kind,category,hook,caption_for_meta
videos/TresorCouture_Reel_01-new-arrival_1080x1920.mp4,reel,THE ARCHIVE,"A new piece, quietly arrived.","A new piece, quietly arrived.

Handpicked from a maker we trust. Limited. Unrepeatable. Yours, or someone else's.

Follow @tresor.couture for daily pieces.

#TresorCouture #SlowFashion #CuratedWardrobe #IndianBoutique #HandpickedFashion #NewArrival #LimitedDrop"
videos/TresorCouture_Reel_02-the-dress_1080x1920.mp4,reel,A SINGLE PIECE,The dress that earns the question.,"The dress that earns the question.

The one strangers ask about. Cut to flatter. Priced to keep.

Follow @tresor.couture — there is more.

#TresorCouture #SlowFashion #CuratedWardrobe #IndianBoutique #HandpickedFashion #StatementPiece #DressEdit"
videos/TresorCouture_Reel_03-capsule_1080x1920.mp4,reel,THE CAPSULE,Three pieces. Nine ways to wear them.,"Three pieces. Nine ways to wear them.

The foundation. The statement. The wildcard. Built to dress a week without repeating.

Follow @tresor.couture for the edit.

#TresorCouture #SlowFashion #CuratedWardrobe #IndianBoutique #HandpickedFashion #CapsuleWardrobe #LessButBetter"
videos/TresorCouture_Reel_04-pov-aesthetic_1080x1920.mp4,reel,THE EDIT,"Finally, a boutique that reads your taste.","Finally, a boutique that reads your taste.

No endless scroll. No reluctant purchases. Pieces that read like you, only sharper.

Follow @tresor.couture for daily pieces.

#TresorCouture #SlowFashion #CuratedWardrobe #IndianBoutique #HandpickedFashion #Lookbook #StyleEdit"
videos/TresorCouture_Reel_05-detail-shot_1080x1920.mp4,reel,THE DETAILS,It is in the detailing that quality declares itself.,"It is in the detailing that quality declares itself.

Hand-finished edges. Considered buttons. Fabric that holds its weight.

Follow @tresor.couture for daily notes.

#TresorCouture #SlowFashion #CuratedWardrobe #IndianBoutique #HandpickedFashion #CraftDetails #Handfinished"
videos/TresorCouture_Reel_06-restock_1080x1920.mp4,reel,RETURNED,Restocked by demand. Briefly.,"Restocked by demand. Briefly.

The piece that sold through in forty-eight hours. Back. In smaller numbers.

Follow @tresor.couture for daily pieces.

#TresorCouture #SlowFashion #CuratedWardrobe #IndianBoutique #HandpickedFashion #BackInStock #BoutiqueRestock"
videos/TresorCouture_Reel_07-add-to-cart_1080x1920.mp4,reel,THE TRANSITION,One drop. Three silhouettes.,"One drop. Three silhouettes.

A single arrival, styled three distinct ways. Pick the one that argues with your wardrobe.

Shop the edit — link in bio.

#TresorCouture #SlowFashion #CuratedWardrobe #IndianBoutique #HandpickedFashion #StyleReel #OneDropThreeWays"
videos/TresorCouture_Reel_08-luxury-for-less_1080x1920.mp4,reel,THE FORMULA,The look that reads costlier than it is.,"The look that reads costlier than it is.

A full outfit, considered piece by piece. Quietly luxurious. Honestly priced.

Follow @tresor.couture for the edit.

#TresorCouture #SlowFashion #CuratedWardrobe #IndianBoutique #HandpickedFashion #StyleFormula #ConsideredDressing"
videos/TresorCouture_Reel_09-desk-to-dinner_1080x1920.mp4,reel,DAY TO NIGHT,One piece. Morning meeting to late dinner.,"One piece. Morning meeting to late dinner.

Pair it with a blazer for the desk. Lose the blazer. Add earrings. The night begins.

Shop the edit — link in bio.

#TresorCouture #SlowFashion #CuratedWardrobe #IndianBoutique #HandpickedFashion #DayToNight #VersatileStyle"
videos/TresorCouture_Reel_10-unboxing_1080x1920.mp4,reel,THE UNBOXING,A package that opens like a small ceremony.,"A package that opens like a small ceremony.

Tissue. Hand-folded. A note. The way a piece should arrive.

Follow @tresor.couture for first looks.

#TresorCouture #SlowFashion #CuratedWardrobe #IndianBoutique #HandpickedFashion #Unboxing #BoutiqueArrival"
videos/TresorCouture_Reel_22-expensive-formula_1080x1920.mp4,reel,STYLING NOTE,The formula for looking quietly expensive.,"The formula for looking quietly expensive.

Tuck the shirt. Add a structured layer. One considered accessory. Never five.

Follow @tresor.couture for daily notes.

#TresorCouture #SlowFashion #CuratedWardrobe #IndianBoutique #HandpickedFashion #StylingNote #QuietLuxury"
videos/TresorCouture_Reel_24-outfit-repeater_1080x1920.mp4,reel,ON VERSATILITY,"The same dress, four different occasions.","The same dress, four different occasions.

Wedding. Office. Brunch. Night. One piece, learning new languages.

Follow @tresor.couture for the edit.

#TresorCouture #SlowFashion #CuratedWardrobe #IndianBoutique #HandpickedFashion #OutfitRepeater #VersatileWardrobe"
videos/TresorCouture_Reel_26-layering_1080x1920.mp4,reel,LAYERING NOTE,"Thin layers, never bulk.","Thin layers, never bulk.

A fitted base. A light knit. A structured outer. Keep the bottom fitted when the top is layered.

Follow @tresor.couture for daily pieces.

#TresorCouture #SlowFashion #CuratedWardrobe #IndianBoutique #HandpickedFashion #LayeringGuide #SeasonalDressing"
videos/TresorCouture_Reel_28-styling-fix_1080x1920.mp4,reel,THE FIX,"The wrong way, and the considered way.","The wrong way, and the considered way.

One small adjustment changes the entire piece. Tailoring is cheaper than you think.

Follow @tresor.couture for daily pieces.

#TresorCouture #SlowFashion #CuratedWardrobe #IndianBoutique #HandpickedFashion #StyleFix #TailoringMatters"
videos/TresorCouture_Reel_30-thirty-seconds_1080x1920.mp4,reel,THE FORMULA,"Thirty seconds, and you are dressed.","Thirty seconds, and you are dressed.

A flattering base. A single layer. Shoes for the occasion. One accessory. Done.

Shop the edit — link in bio.

#TresorCouture #SlowFashion #CuratedWardrobe #IndianBoutique #HandpickedFashion #StyleFormula #ConsideredDressing"
videos/TresorCouture_Reel_62-main-character_1080x1920.mp4,reel,ON CONFIDENCE,"It is only coffee. Still, you wear the piece.","It is only coffee. Still, you wear the piece.

The morning becomes cinematic. Confidence arrives before the espresso.

Follow @tresor.couture for daily pieces.

#TresorCouture #SlowFashion #CuratedWardrobe #IndianBoutique #HandpickedFashion #MainCharacterEnergy #DressWell"
videos/TresorCouture_Reel_66-airport-fit_1080x1920.mp4,reel,ON TRAVEL,An airport outfit that reads composed.,"An airport outfit that reads composed.

Coordinated. Considered. Comfortable. Sneakers acceptable. Sloppy never.

Shop the edit — link in bio.

#TresorCouture #SlowFashion #CuratedWardrobe #IndianBoutique #HandpickedFashion #AirportStyle #TravelEdit"
videos/TresorCouture_Reel_68-date-night_1080x1920.mp4,reel,ON PRESENCE,The piece that makes them forget the sentence.,"The piece that makes them forget the sentence.

Not about them. About the way the piece carries you.

Follow @tresor.couture for daily pieces.

#TresorCouture #SlowFashion #CuratedWardrobe #IndianBoutique #HandpickedFashion #DateNightLook #ConfidencePiece"
videos/TresorCouture_Reel_92-outfit-check_1080x1920.mp4,reel,OUTFIT CHECK,Mirror. Street. Coffee. Office. Dinner.,"Mirror. Street. Coffee. Office. Dinner.

One outfit. Five places. No changes. The reward of a well-curated piece.

Shop the edit — link in bio.

#TresorCouture #SlowFashion #CuratedWardrobe #IndianBoutique #HandpickedFashion #OutfitCheck #OOTD"
videos/TresorCouture_Reel_99-confidence_1080x1920.mp4,reel,ON BECOMING,It is not the clothes. It is how they make you stand.,"It is not the clothes. It is how they make you stand.

You speak differently. You take up the room differently.

Follow @tresor.couture for daily pieces.

#TresorCouture #SlowFashion #CuratedWardrobe #IndianBoutique #HandpickedFashion #FeelGoodFashion #Empowerment"
posts/TresorCouture_Post_11-bts-curated_1080x1350.jpg,post,BEHIND THE WORK,This is what a boutique looks like before the camera.,"This is what a boutique looks like before the camera.

Not a warehouse. Not mass-production. A room where each piece is chosen, checked, styled. Quality is a process, not a claim.

Follow @tresor.couture for daily pieces.

#TresorCouture #SlowFashion #CuratedWardrobe #IndianBoutique #HandpickedFashion #BehindTheBoutique #SmallBusiness"
posts/TresorCouture_Post_12-why-we-started_1080x1350.jpg,post,THE BEGINNING,We started because the websites all looked the same.,"We started because the websites all looked the same.

Tresor was built for the piece you do not see elsewhere. Quality that survives the third wash. Cuts that fit real bodies.

Follow @tresor.couture for the journey.

#TresorCouture #SlowFashion #CuratedWardrobe #IndianBoutique #HandpickedFashion #FounderStory #BrandStory"
posts/TresorCouture_Post_14-meet-the-maker_1080x1350.jpg,post,MEET THE CURATOR,The face behind the pieces you love.,"The face behind the pieces you love.

I source every piece personally. I write every thank-you note. This is a love letter to slow fashion, not a business plan.

Follow @tresor.couture for daily pieces.

#TresorCouture #SlowFashion #CuratedWardrobe #IndianBoutique #HandpickedFashion #MeetTheMaker #CuratedByHand"
posts/TresorCouture_Post_16-our-standards_1080x1350.jpg,post,THE STANDARDS,Every piece in this archive passes four tests.,"Every piece in this archive passes four tests.

Quality. Fit. Vibe. Value. If any one is missing, you will not see it here.

Follow @tresor.couture — there is more.

#TresorCouture #SlowFashion #CuratedWardrobe #IndianBoutique #HandpickedFashion #QualityFirst #SlowFashionPromise"
posts/TresorCouture_Post_18-the-journey_1080x1350.jpg,post,THE JOURNEY,From a borrowed bedroom to a quiet community.,"From a borrowed bedroom to a quiet community.

Year one: fifty orders, one spare room. Now: a community that built this dream with us. Every order, a thank-you we still mean.

Follow @tresor.couture for the journey.

#TresorCouture #SlowFashion #CuratedWardrobe #IndianBoutique #HandpickedFashion #BoutiqueJourney #Gratitude"
posts/TresorCouture_Post_20-no-sales_1080x1350.jpg,post,ON PRICING,Why we do not run sales every weekend.,"Why we do not run sales every weekend.

Because the prices are already fair. Because the pieces are already worth it. When we do mark down, it is real, and it is rare.

Follow @tresor.couture for first looks.

#TresorCouture #SlowFashion #CuratedWardrobe #IndianBoutique #HandpickedFashion #HonestPricing #FairFashion"
posts/TresorCouture_Post_21-five-ways-shirt_1080x1350.jpg,post,STYLING GUIDE,One white shirt. Five different silhouettes.,"One white shirt. Five different silhouettes.

Tucked. Knotted. Layered. Oversized. Half-tucked. The shirt that quietly rebuilds a wardrobe.

Shop the edit — link in bio.

#TresorCouture #SlowFashion #CuratedWardrobe #IndianBoutique #HandpickedFashion #StylingGuide #ShirtStyling"
posts/TresorCouture_Post_23-three-accessories_1080x1350.jpg,post,THE RULE OF THREE,Every considered outfit wears exactly three accessories.,"Every considered outfit wears exactly three accessories.

Something that shines. Something that structures. Something that ties it together. Never more.

Follow @tresor.couture for daily notes.

#TresorCouture #SlowFashion #CuratedWardrobe #IndianBoutique #HandpickedFashion #AccessoryEdit #DetailMatters"
posts/TresorCouture_Post_25-color-combos_1080x1350.jpg,post,COLOUR STUDY,"Five pairings our stylists return to, season after season.","Five pairings our stylists return to, season after season.

Sage and cream. Navy and mustard. Blush and chocolate. Black and cobalt. Terracotta and ivory. Quiet, lasting choices.

Follow @tresor.couture for the edit.

#TresorCouture #SlowFashion #CuratedWardrobe #IndianBoutique #HandpickedFashion #ColourStudy #PaletteInspo"
posts/TresorCouture_Post_27-universal-shoes_1080x1350.jpg,post,THE FIVE,Five shoes that pair with most of this archive.,"Five shoes that pair with most of this archive.

White sneakers. Nude heels. Black ankle boots. Strappy sandals. A pair of loafers. The universals.

Shop the edit — link in bio.

#TresorCouture #SlowFashion #CuratedWardrobe #IndianBoutique #HandpickedFashion #ShoeEssentials #WardrobeBasics"
posts/TresorCouture_Post_29-dress-code_1080x1350.jpg,post,THE DECODER,What smart casual actually means.,"What smart casual actually means.

Tailored pieces, relaxed elements. One statement, maximum. Quality fabrics. Polished footwear. No logos.

Follow @tresor.couture for daily notes.

#TresorCouture #SlowFashion #CuratedWardrobe #IndianBoutique #HandpickedFashion #SmartCasual #DressCodeDecoded"
posts/TresorCouture_Post_31-first-piece_1080x1350.jpg,post,FROM A CUSTOMER,She ordered one piece. She kept ordering.,"She ordered one piece. She kept ordering.

“I bought a dress to test the quality.” “Now I have seven, and my wardrobe finally agrees with me.” — A reader in Bombay.

Follow @tresor.couture for daily pieces.

#TresorCouture #SlowFashion #CuratedWardrobe #IndianBoutique #HandpickedFashion #CustomerLove #BoutiqueLove"
posts/TresorCouture_Post_33-the-review_1080x1350.jpg,post,A NOTE WE KEEP,The review that arrived on a quiet Tuesday.,"The review that arrived on a quiet Tuesday.

“For the first time, the clothes were made for me, not just in my size.” This is the reason for the work.

Follow @tresor.couture for daily pieces.

#TresorCouture #SlowFashion #CuratedWardrobe #IndianBoutique #HandpickedFashion #CustomerReview #SizeInclusive"
posts/TresorCouture_Post_35-transformation_1080x1350.jpg,post,THE SHIFT,Before: nothing to wear. After: too much to choose from.,"Before: nothing to wear. After: too much to choose from.

A wardrobe is not a closet. It is a set of options. We build the options.

Follow @tresor.couture for the edit.

#TresorCouture #SlowFashion #CuratedWardrobe #IndianBoutique #HandpickedFashion #WardrobeShift #BeforeAfter"
posts/TresorCouture_Post_37-repeat-customers_1080x1350.jpg,post,THE LOOP,The customer who returns is the highest review.,"The customer who returns is the highest review.

First order: testing. Second: trusting. Fourth: family.

Follow @tresor.couture for the journey.

#TresorCouture #SlowFashion #CuratedWardrobe #IndianBoutique #HandpickedFashion #RepeatCustomer #BoutiqueFamily"
posts/TresorCouture_Post_39-compliments_1080x1350.jpg,post,ONE EVENING,The piece that earned forty-seven compliments.,"The piece that earned forty-seven compliments.

Worn to a wedding. Strangers asked. Friends asked. The same question, all evening.

Follow @tresor.couture for daily pieces.

#TresorCouture #SlowFashion #CuratedWardrobe #IndianBoutique #HandpickedFashion #WeddingGuest #StatementDress"
posts/TresorCouture_Post_41-seasonal-essentials_1080x1350.jpg,post,SEASONAL EDIT,The five pieces that carry the season.,"The five pieces that carry the season.

A transitional layer. A statement knit. A versatile boot. An elevated basic. One occasion piece, for everything that arrives.

Follow @tresor.couture for daily pieces.

#TresorCouture #SlowFashion #CuratedWardrobe #IndianBoutique #HandpickedFashion #SeasonalEssentials #WardrobeStaples"
posts/TresorCouture_Post_43-event-outfit_1080x1350.jpg,post,THE OCCASION,An event-outfit edit that is not basic.,"An event-outfit edit that is not basic.

Modern traditional. Minimalist statement. Bold colour. Textured mix. Unexpected silhouette. Five ways to be remembered.

Follow @tresor.couture for the edit.

#TresorCouture #SlowFashion #CuratedWardrobe #IndianBoutique #HandpickedFashion #FestiveEdit #OccasionWear"
posts/TresorCouture_Post_45-color-story_1080x1350.jpg,post,COLOUR STORY,The shades this season returns to.,"The shades this season returns to.

Soft. Earthy. Sunlit. Neutral. Bold. Five tones that hold across moods and months.

Follow @tresor.couture for the edit.

#TresorCouture #SlowFashion #CuratedWardrobe #IndianBoutique #HandpickedFashion #ColourStory #SeasonalPalette"
posts/TresorCouture_Post_49-capsule-twelve_1080x1350.jpg,post,THE CAPSULE,Twelve pieces. Thirty outfits. One coherent wardrobe.,"Twelve pieces. Thirty outfits. One coherent wardrobe.

Tops, bottoms, layers, dresses, shoes. Curated to talk to each other. Designed to outlast the trend cycle.

Follow @tresor.couture for the edit.

#TresorCouture #SlowFashion #CuratedWardrobe #IndianBoutique #HandpickedFashion #CapsuleWardrobe #LessButBetter"
posts/TresorCouture_Post_61-sunday-reset_1080x1350.jpg,post,A SUNDAY,"The Sunday reset, dressed.","The Sunday reset, dressed.

Sleep. Coffee. Audit the wardrobe. Choose intentionally. Plan the week. Confidence is a routine, not an accident.

Follow @tresor.couture for daily pieces.

#TresorCouture #SlowFashion #CuratedWardrobe #IndianBoutique #HandpickedFashion #SundayReset #SelfCare"
posts/TresorCouture_Post_65-weekend-planner_1080x1350.jpg,post,THE PLANNER,"Your weekend, dressed in advance.","Your weekend, dressed in advance.

Friday evening. Saturday brunch. Saturday night. Sunday slow. Four outfits, considered, ready.

Follow @tresor.couture for daily pieces.

#TresorCouture #SlowFashion #CuratedWardrobe #IndianBoutique #HandpickedFashion #WeekendStyle #OutfitPlanner"
posts/TresorCouture_Post_67-that-girl_1080x1350.jpg,post,ON INTENTION,It is not about being perfect. It is about being intentional.,"It is not about being perfect. It is about being intentional.

Pieces that fit. Quality you can feel. Colours that talk. Items that spark something. Dress for the life you want.

Follow @tresor.couture for daily pieces.

#TresorCouture #SlowFashion #CuratedWardrobe #IndianBoutique #HandpickedFashion #IntentionalStyle #ThatGirlAesthetic"
posts/TresorCouture_Post_69-self-care-wardrobe_1080x1350.jpg,post,ON RITUAL,"Your clothes affect your mood. Your mood, your week.","Your clothes affect your mood. Your mood, your week.

Declutter. Organise. Identify the gaps. Browse with intent. Plan five outfits. Five stress-free mornings.

Follow @tresor.couture for daily pieces.

#TresorCouture #SlowFashion #CuratedWardrobe #IndianBoutique #HandpickedFashion #WardrobeRitual #SelfCareSunday"
posts/TresorCouture_Post_81-fabric-guide_1080x1350.jpg,post,FABRIC 101,"Linen, silk, cotton, crepe — know what you are buying.","Linen, silk, cotton, crepe — know what you are buying.

Linen breathes and wrinkles. Silk drapes and asks for care. Cotton lives in any wardrobe. Crepe forgives.

Follow @tresor.couture for daily notes.

#TresorCouture #SlowFashion #CuratedWardrobe #IndianBoutique #HandpickedFashion #FabricGuide #KnowYourFabrics"
posts/TresorCouture_Post_83-cheap-mistakes_1080x1350.jpg,post,ON FIT,Five details that make any outfit read cheap.,"Five details that make any outfit read cheap.

Wrong undergarments. Ill-fitting cut. Too many trends. Wrong shoes. Over-accessorising. The fix is small. Always.

Follow @tresor.couture for daily notes.

#TresorCouture #SlowFashion #CuratedWardrobe #IndianBoutique #HandpickedFashion #FitMatters #StyleEducation"
posts/TresorCouture_Post_85-seventy-twenty-ten_1080x1350.jpg,post,THE ARCHITECTURE,"A wardrobe in three ratios: 70, 20, 10.","A wardrobe in three ratios: 70, 20, 10.

Seventy per cent basics. The workhorses. Twenty per cent statements. The compliments. Ten per cent trends. The fun. The replaceable.

Follow @tresor.couture for the edit.

#TresorCouture #SlowFashion #CuratedWardrobe #IndianBoutique #HandpickedFashion #WardrobeArchitecture #SmartCloset"
posts/TresorCouture_Post_87-care-labels_1080x1350.jpg,post,ON LONGEVITY,"The care label, read literally.","The care label, read literally.

Wash cold means cold. Dry flat means flat. These pieces are investments. Treat them that way.

Follow @tresor.couture for daily notes.

#TresorCouture #SlowFashion #CuratedWardrobe #IndianBoutique #HandpickedFashion #GarmentCare #InvestmentPieces"
posts/TresorCouture_Post_89-color-theory_1080x1350.jpg,post,COLOUR THEORY,Four ways colour builds an outfit.,"Four ways colour builds an outfit.

Monochrome elongates. Complementary commands. Analogous calms. Neutral plus pop, almost always works.

Follow @tresor.couture for the edit.

#TresorCouture #SlowFashion #CuratedWardrobe #IndianBoutique #HandpickedFashion #ColourTheory #OutfitBuilding"
posts/TresorCouture_Post_90-invest-vs-save_1080x1350.jpg,post,THE STRATEGY,Where to invest. Where to save.,"Where to invest. Where to save.

Invest in outerwear, shoes, bags, tailoring. Save on trends and occasion pieces. A wardrobe is a budget, allocated.

Follow @tresor.couture for daily notes.

#TresorCouture #SlowFashion #CuratedWardrobe #IndianBoutique #HandpickedFashion #InvestmentDressing #SmartShopping"
